"V1","V2","V3","V4"
2.07546331277179,-0.529509999803641,0,1
2.0782044175238,-0.528363427004012,0,1
2.08109552094437,-0.527365609229328,0,1
2.08415373498201,-0.526465210634138,0,1
2.08739617158518,-0.525610895372988,0,1
2.09083994270239,-0.524751327600427,0,1
2.0945021602821,-0.523835171471002,0,1
2.0983999362728,-0.522811091139261,0,1
2.10255038262299,-0.521627750759752,0,1
2.10697061128113,-0.520233814487021,0,1
2.11167773419572,-0.518577946475618,0,1
2.11668886331524,-0.516608810880089,0,1
2.12202111058818,-0.514275071854983,0,1
2.12769314402446,-0.511525623776834,0,1
2.13374475672415,-0.508312486515878,0,1
2.14023096629248,-0.504589932434272,0,1
2.14720712644394,-0.500312283622125,0,1
2.15472859089303,-0.495433862169545,0,1
2.16285071335425,-0.48990899016664,0,1
2.1716288475421,-0.483691989703517,0,1
2.18111834717107,-0.476737182870285,0,1
2.19137456595566,-0.468998891757052,0,1
2.20245285761036,-0.460431438453926,0,1
2.21440857584968,-0.450989145051014,0,1
2.2272970743881,-0.440626333638425,0,1
2.24117320900047,-0.429297252635231,0,1
2.25603158476257,-0.416947236265154,0,1
2.27174979092969,-0.403504306058472,0,1
2.28819197238625,-0.388894494427492,0,1
2.30522227401671,-0.373043833784519,0,1
2.32270484070548,-0.355878356541862,0,1
2.34050381733701,-0.337324095111825,0,1
2.35848334879572,-0.317307081906717,0,1
2.37650757996605,-0.295753349338843,0,1
2.39444065573243,-0.27258892982051,0,1
2.41214672097929,-0.247739855764026,0,1
2.42948992059106,-0.221132159581695,0,1
2.44633439945219,-0.192691873685825,0,1
2.46255664725479,-0.162397156182401,0,1
2.47810524304901,-0.130530560992088,0,1
2.4929548591374,-0.0974848202510519,0,1
2.50708020381322,-0.0636528180654108,0,1
2.52045598536972,-0.0294274385412823,0,1
2.53305691210014,0.00479843421521586,0,1
2.54485769229773,0.0386319160979651,0,1
2.55583303425574,0.0716801230008486,0,1
2.56595764626743,0.103550170817748,0,1
2.57520623662603,0.133849175442545,0,1
2.5835535136248,0.162184252769122,0,1
2.59097418555698,0.188162518691362,0,1
2.59744521709318,0.21140587511351,0,1
2.60299546958313,0.231876302178196,0,1
2.6077057010557,0.24987585826643,0,1
2.61165892591709,0.265721387769587,0,1
2.61493815857352,0.279729735079043,0,1
2.61762641343121,0.292217744586172,0,1
2.61980670489638,0.303502260682351,0,1
2.62156204737523,0.313900127758952,0,1
2.62297545527398,0.323728190207353,0,1
2.62412994299886,0.333303292418928,0,1
2.62510852495606,0.342942278785053,0,1
2.62599421555182,0.352961993697102,0,1
2.62687001928693,0.36367912769358,0,1
2.62781175924312,0.375298827982768,0,1
2.62887541797457,0.387718074475777,0,1
2.63011358048134,0.400781075549556,0,1
2.6315788317635,0.414332039581056,0,1
2.63332375682108,0.428215174947225,0,1
2.63540094065416,0.442274690025013,0,1
2.63786296826279,0.45635479319137,0,1
2.64076242464703,0.470299692823245,0,1
2.64415189480692,0.483953597297589,0,1
2.64808396374253,0.497160714991349,0,1
2.65261121645392,0.509765254281477,0,1
2.65778623794114,0.521611423544921,0,1
2.66365172754626,0.532557875771674,0,1
2.67016434277333,0.542588985583772,0,1
2.67723643873319,0.551753860869113,0,1
2.68478000440121,0.560102144501262,0,1
2.69270702875277,0.567683479353784,0,1
2.70092950076323,0.574547508300244,0,1
2.70935940940795,0.580743874214206,0,1
2.71790874366231,0.586322219969238,0,1
2.72648949250167,0.591332188438902,0,1
2.73501364490141,0.595823422496765,0,1
2.74339318983688,0.599845565016393,0,1
2.75154011628346,0.603448258871349,0,1
2.75936666035796,0.606680785819873,0,1
2.76679625276954,0.609576070433397,0,1
2.77376785752511,0.612144340516377,0,1
2.780221582805,0.614394152043054,0,1
2.78609753678949,0.61633406098767,0,1
2.7913358276589,0.617972623324468,0,1
2.79587656359353,0.619318395027689,0,1
2.7996598527737,0.620379932071575,0,1
2.80262580337969,0.62116579043037,0,1
2.80471452359183,0.621684526078314,0,1
2.80586612159041,0.621944694989649,0,1
2.80602070555574,0.621954853138619,0,1
2.80511838366813,0.621723556499464,0,1
2.80511838366813,0.621723556499464,0,1
2.80818878844818,0.621617176003862,0,1
2.80982108598761,0.621978627696586,0,1
2.8100751681061,0.622777965667788,0,1
2.80901092662336,0.623985244007623,0,1
2.80668825335908,0.625570516806242,0,1
2.80316704013295,0.627503838153798,0,1
2.79850717876467,0.629755262140444,0,1
2.79276856107392,0.632294842856333,0,1
2.78601107888042,0.635092634391617,0,1
2.77829462400384,0.638118690836451,0,1
2.76967908826388,0.641343066280986,0,1
2.76022436348025,0.644735814815374,0,1
2.74999065074746,0.648266569971008,0,1
2.73904234987522,0.651899255773511,0,1
2.72744688661823,0.655593681501576,0,1
2.71527175353456,0.6593095655932,0,1
2.70258444318226,0.663006626486383,0,1
2.6894524481194,0.666644582619121,0,1
2.67594326090403,0.670183152429413,0,1
2.66212437409423,0.673582054355257,0,1
2.64806328024806,0.676801006834652,0,1
2.63382747192357,0.679799728305595,0,1
2.61948444167883,0.682537937206086,0,1
2.60510168207191,0.684975351974121,0,1
2.59074658669292,0.687071825626504,0,1
2.57647457401031,0.688803495215331,0,1
2.56231780502491,0.690178123811665,0,1
2.54830576860293,0.691207108114276,0,1
2.53446795361059,0.691901844821937,0,1
2.52083384891412,0.692273730633417,0,1
2.50743294337973,0.692334162247489,0,1
2.49429472587364,0.692094536362924,0,1
2.48144868526209,0.691566249678494,0,1
2.46892431041128,0.690760698892969,0,1
2.45675109018744,0.689689280705122,0,1
2.44495851345679,0.688363391813723,0,1
2.43357606908556,0.686794428917545,0,1
2.42262644295558,0.68498905796662,0,1
2.41209259389998,0.68292631899343,0,1
2.40194310126592,0.680575252634433,0,1
2.39214652456683,0.677904885733821,0,1
2.38267142331611,0.674884245135783,0,1
2.37348635702717,0.67148235768451,0,1
2.36455988521342,0.667668250224191,0,1
2.35586056738827,0.663410949599017,0,1
2.34735696306512,0.658679482653177,0,1
2.33901763175739,0.653442876230863,0,1
2.33081113297848,0.647670157176262,0,1
2.3227060262418,0.641330352333567,0,1
2.31467139276651,0.634394407989359,0,1
2.30668831300393,0.626877417605241,0,1
2.29874986663755,0.618838621817837,0,1
2.29084965505662,0.610339180706163,0,1
2.28298127965037,0.601440254349235,0,1
2.27513834180804,0.592203002826069,0,1
2.26731444291887,0.582688586215681,0,1
2.2595031843721,0.572958164597088,0,1
2.25169816755697,0.563072898049305,0,1
2.24389299386272,0.553093946651348,0,1
2.23608126467858,0.543082470482234,0,1
2.2282565813938,0.533099629620978,0,1
2.22041253262478,0.523206561528153,0,1
2.21253344668222,0.513448005293023,0,1
2.20457806788741,0.503823395263157,0,1
2.19650075947908,0.494324407660109,0,1
2.18825588469596,0.484942718705433,0,1
2.17979780677679,0.475670004620685,0,1
2.17108088896028,0.466497941627419,0,1
2.16205949448518,0.457418205947192,0,1
2.15268798659021,0.448422473801557,0,1
2.1429207285141,0.439502421412069,0,1
2.13271208349558,0.430649725000284,0,1
2.12201641477339,0.421856060787757,0,1
2.11078808558625,0.413113104996041,0,1
2.09899073414583,0.404414769408631,0,1
2.08666872528009,0.395774423477729,0,1
2.07390798943645,0.387215455284963,0,1
2.06079480057986,0.378761335710547,0,1
2.04741543267523,0.370435535634699,0,1
2.03385615968752,0.362261525937636,0,1
2.02020325558165,0.354262777499572,0,1
2.00654299432256,0.346462761200725,0,1
1.99296164987518,0.338884947921312,0,1
1.97954549620446,0.331552808541548,0,1
1.96638080727532,0.32448981394165,0,1
1.9535538570527,0.317719435001835,0,1
1.94115068762721,0.311265086713269,0,1
1.92924683804141,0.305147652500225,0,1
1.91790327360724,0.29938450305678,0,1
1.90717988614438,0.293992750331419,0,1
1.89713656747253,0.288989506272626,0,1
1.88783320941138,0.284391882828884,0,1
1.87932970378063,0.280216991948679,0,1
1.87168594239997,0.276481945580493,0,1
1.8649618170891,0.273203855672812,0,1
1.85921721966771,0.270399834174119,0,1
1.8545120419555,0.268086993032899,0,1
1.85090617577216,0.266282444197635,0,1
1.84845951293738,0.265003299616811,0,1
0,-0.529509999803641,2.07546331277179,2
0,-0.528363427004012,2.0782044175238,2
0,-0.527365609229328,2.08109552094437,2
0,-0.526465210634138,2.08415373498201,2
0,-0.525610895372988,2.08739617158518,2
0,-0.524751327600427,2.09083994270239,2
0,-0.523835171471002,2.0945021602821,2
0,-0.522811091139261,2.0983999362728,2
0,-0.521627750759752,2.10255038262299,2
0,-0.520233814487021,2.10697061128113,2
0,-0.518577946475618,2.11167773419572,2
0,-0.516608810880089,2.11668886331524,2
0,-0.514275071854983,2.12202111058818,2
0,-0.511525623776834,2.12769314402446,2
0,-0.508312486515878,2.13374475672415,2
0,-0.504589932434272,2.14023096629248,2
0,-0.500312283622125,2.14720712644394,2
0,-0.495433862169545,2.15472859089303,2
0,-0.48990899016664,2.16285071335425,2
0,-0.483691989703517,2.1716288475421,2
0,-0.476737182870285,2.18111834717107,2
0,-0.468998891757052,2.19137456595566,2
0,-0.460431438453926,2.20245285761036,2
0,-0.450989145051014,2.21440857584968,2
0,-0.440626333638425,2.2272970743881,2
0,-0.429297252635231,2.24117320900047,2
0,-0.416947236265154,2.25603158476257,2
0,-0.403504306058472,2.27174979092969,2
0,-0.388894494427492,2.28819197238625,2
0,-0.373043833784519,2.30522227401671,2
0,-0.355878356541862,2.32270484070548,2
0,-0.337324095111825,2.34050381733701,2
0,-0.317307081906717,2.35848334879572,2
0,-0.295753349338843,2.37650757996605,2
0,-0.27258892982051,2.39444065573243,2
0,-0.247739855764026,2.41214672097929,2
0,-0.221132159581695,2.42948992059106,2
0,-0.192691873685825,2.44633439945219,2
0,-0.162397156182401,2.46255664725479,2
0,-0.130530560992088,2.47810524304901,2
0,-0.0974848202510519,2.4929548591374,2
0,-0.0636528180654108,2.50708020381322,2
0,-0.0294274385412823,2.52045598536972,2
0,0.00479843421521586,2.53305691210014,2
0,0.0386319160979651,2.54485769229773,2
0,0.0716801230008486,2.55583303425574,2
0,0.103550170817748,2.56595764626743,2
0,0.133849175442545,2.57520623662603,2
0,0.162184252769122,2.5835535136248,2
0,0.188162518691362,2.59097418555698,2
0,0.21140587511351,2.59744521709318,2
0,0.231876302178196,2.60299546958313,2
0,0.24987585826643,2.6077057010557,2
0,0.265721387769587,2.61165892591709,2
0,0.279729735079043,2.61493815857352,2
0,0.292217744586172,2.61762641343121,2
0,0.303502260682351,2.61980670489638,2
0,0.313900127758952,2.62156204737523,2
0,0.323728190207353,2.62297545527398,2
0,0.333303292418928,2.62412994299886,2
0,0.342942278785053,2.62510852495606,2
0,0.352961993697102,2.62599421555182,2
0,0.36367912769358,2.62687001928693,2
0,0.375298827982768,2.62781175924312,2
0,0.387718074475777,2.62887541797457,2
0,0.400781075549556,2.63011358048134,2
0,0.414332039581056,2.6315788317635,2
0,0.428215174947225,2.63332375682108,2
0,0.442274690025013,2.63540094065416,2
0,0.45635479319137,2.63786296826279,2
0,0.470299692823245,2.64076242464703,2
0,0.483953597297589,2.64415189480692,2
0,0.497160714991349,2.64808396374253,2
0,0.509765254281477,2.65261121645392,2
0,0.521611423544921,2.65778623794114,2
0,0.532557875771674,2.66365172754626,2
0,0.542588985583772,2.67016434277333,2
0,0.551753860869113,2.67723643873319,2
0,0.560102144501262,2.68478000440121,2
0,0.567683479353784,2.69270702875277,2
0,0.574547508300244,2.70092950076323,2
0,0.580743874214206,2.70935940940795,2
0,0.586322219969238,2.71790874366231,2
0,0.591332188438902,2.72648949250167,2
0,0.595823422496765,2.73501364490141,2
0,0.599845565016393,2.74339318983688,2
0,0.603448258871349,2.75154011628346,2
0,0.606680785819873,2.75936666035796,2
0,0.609576070433397,2.76679625276954,2
0,0.612144340516377,2.77376785752511,2
0,0.614394152043054,2.780221582805,2
0,0.61633406098767,2.78609753678949,2
0,0.617972623324468,2.7913358276589,2
0,0.619318395027689,2.79587656359353,2
0,0.620379932071575,2.7996598527737,2
0,0.62116579043037,2.80262580337969,2
0,0.621684526078314,2.80471452359183,2
0,0.621944694989649,2.80586612159041,2
0,0.621954853138619,2.80602070555574,2
0,0.621723556499464,2.80511838366813,2
0,0.621723556499464,2.80511838366813,2
0,0.621617176003862,2.80818878844818,2
0,0.621978627696586,2.80982108598761,2
0,0.622777965667788,2.8100751681061,2
0,0.623985244007623,2.80901092662336,2
0,0.625570516806242,2.80668825335908,2
0,0.627503838153798,2.80316704013295,2
0,0.629755262140444,2.79850717876467,2
0,0.632294842856333,2.79276856107392,2
0,0.635092634391617,2.78601107888042,2
0,0.638118690836451,2.77829462400384,2
0,0.641343066280986,2.76967908826388,2
0,0.644735814815374,2.76022436348025,2
0,0.648266569971008,2.74999065074746,2
0,0.651899255773511,2.73904234987522,2
0,0.655593681501576,2.72744688661823,2
0,0.6593095655932,2.71527175353456,2
0,0.663006626486383,2.70258444318226,2
0,0.666644582619121,2.6894524481194,2
0,0.670183152429413,2.67594326090403,2
0,0.673582054355257,2.66212437409423,2
0,0.676801006834652,2.64806328024806,2
0,0.679799728305595,2.63382747192357,2
0,0.682537937206086,2.61948444167883,2
0,0.684975351974121,2.60510168207191,2
0,0.687071825626504,2.59074658669292,2
0,0.688803495215331,2.57647457401031,2
0,0.690178123811665,2.56231780502491,2
0,0.691207108114276,2.54830576860293,2
0,0.691901844821937,2.53446795361059,2
0,0.692273730633417,2.52083384891412,2
0,0.692334162247489,2.50743294337973,2
0,0.692094536362924,2.49429472587364,2
0,0.691566249678494,2.48144868526209,2
0,0.690760698892969,2.46892431041128,2
0,0.689689280705122,2.45675109018744,2
0,0.688363391813723,2.44495851345679,2
0,0.686794428917545,2.43357606908556,2
0,0.68498905796662,2.42262644295558,2
0,0.68292631899343,2.41209259389998,2
0,0.680575252634433,2.40194310126592,2
0,0.677904885733821,2.39214652456683,2
0,0.674884245135783,2.38267142331611,2
0,0.67148235768451,2.37348635702717,2
0,0.667668250224191,2.36455988521342,2
0,0.663410949599017,2.35586056738827,2
0,0.658679482653177,2.34735696306512,2
0,0.653442876230863,2.33901763175739,2
0,0.647670157176262,2.33081113297848,2
0,0.641330352333567,2.3227060262418,2
0,0.634394407989359,2.31467139276651,2
0,0.626877417605241,2.30668831300393,2
0,0.618838621817837,2.29874986663755,2
0,0.610339180706163,2.29084965505662,2
0,0.601440254349235,2.28298127965037,2
0,0.592203002826069,2.27513834180804,2
0,0.582688586215681,2.26731444291887,2
0,0.572958164597088,2.2595031843721,2
0,0.563072898049305,2.25169816755697,2
0,0.553093946651348,2.24389299386272,2
0,0.543082470482234,2.23608126467858,2
0,0.533099629620978,2.2282565813938,2
0,0.523206561528153,2.22041253262478,2
0,0.513448005293023,2.21253344668222,2
0,0.503823395263157,2.20457806788741,2
0,0.494324407660109,2.19650075947908,2
0,0.484942718705433,2.18825588469596,2
0,0.475670004620685,2.17979780677679,2
0,0.466497941627419,2.17108088896028,2
0,0.457418205947192,2.16205949448518,2
0,0.448422473801557,2.15268798659021,2
0,0.439502421412069,2.1429207285141,2
0,0.430649725000284,2.13271208349558,2
0,0.421856060787757,2.12201641477339,2
0,0.413113104996041,2.11078808558625,2
0,0.404414769408631,2.09899073414583,2
0,0.395774423477729,2.08666872528009,2
0,0.387215455284963,2.07390798943645,2
0,0.378761335710547,2.06079480057986,2
0,0.370435535634699,2.04741543267523,2
0,0.362261525937636,2.03385615968752,2
0,0.354262777499572,2.02020325558165,2
0,0.346462761200725,2.00654299432256,2
0,0.338884947921312,1.99296164987518,2
0,0.331552808541548,1.97954549620446,2
0,0.32448981394165,1.96638080727532,2
0,0.317719435001835,1.9535538570527,2
0,0.311265086713269,1.94115068762721,2
0,0.305147652500225,1.92924683804141,2
0,0.29938450305678,1.91790327360724,2
0,0.293992750331419,1.90717988614438,2
0,0.288989506272626,1.89713656747253,2
0,0.284391882828884,1.88783320941138,2
0,0.280216991948679,1.87932970378063,2
0,0.276481945580493,1.87168594239997,2
0,0.273203855672812,1.8649618170891,2
0,0.270399834174119,1.85921721966771,2
0,0.268086993032899,1.8545120419555,2
0,0.266282444197635,1.85090617577216,2
0,0.265003299616811,1.84845951293738,2
2.12410698416488,0.443363428058138,0,3
2.07724331315589,0.479835183429633,0,3
2.03766122888792,0.511031536797823,0,3
2.00440246224587,0.537534294411166,0,3
1.97650874411462,0.559925262518122,0,3
1.95302180537908,0.57878624736715,0,3
1.93298337692413,0.594699055206709,0,3
1.9153450346568,0.608294314437221,0,3
1.89841815975979,0.620549341849075,0,3
1.88023710280337,0.632591476238985,0,3
1.8588351063995,0.645548656402802,0,3
1.83224541316015,0.660548821136375,0,3
1.79850126569729,0.678719909235556,0,3
1.75584108408726,0.701078748544984,0,3
1.70528877766285,0.727133724635662,0,3
1.64987571206833,0.755306113531946,0,3
1.59267757128029,0.783993191292732,0,3
1.5367700392753,0.811592233976915,0,3
1.48522880002995,0.83650051764339,0,3
1.44106272341449,0.857151235513035,0,3
1.40517788548594,0.873107976618928,0,3
1.37600473408711,0.885265149853088,0,3
1.35183171273569,0.89459350116609,0,3
1.33094726494937,0.902063776508511,0,3
1.31163983424584,0.908646721830924,0,3
1.29220144547298,0.915309964406838,0,3
1.27135746443352,0.92264377158467,0,3
1.24867486952841,0.930505521602122,0,3
1.22381733507412,0.938668388416091,0,3
1.19644853538717,0.946905545983474,0,3
1.16623214478402,0.954990168261169,0,3
1.13283192551755,0.962695435854194,0,3
1.09634331955685,0.969827165002198,0,3
1.05829434052651,0.976299476512703,0,3
1.02050978735204,0.982048928607545,0,3
0.984814458958927,0.987012079508562,0,3
0.953033154272695,0.99112548743759,0,3
0.926990672218846,0.994325710616467,0,3
0.908035037865898,0.996577952478743,0,3
0.89473008375891,0.998014694472741,0,3
0.884631884290415,0.998828965505947,0,3
0.875295123841699,0.999213877999583,0,3
0.86427448679405,0.999362544374872,0,3
0.849124657528755,0.999468077053038,0,3
0.827630032619365,0.999699197355616,0,3
0.800053173454377,0.999961492268762,0,3
0.768168668857609,1,0,3
0.733772680924128,0.999557468082584,0,3
0.698661371749002,0.998376644049765,0,3
0.664630903427296,0.996200275434796,0,3
0.633435397627896,0.992784472155771,0,3
0.605862046217457,0.988192678982212,0,3
0.58173111126041,0.982795675535065,0,3
0.560820814395002,0.976977603820119,0,3
0.54290937725948,0.971122605843164,0,3
0.527775021492089,0.96561482360999,0,3
0.515198739676332,0.960833489407229,0,3
0.505155734406691,0.956813723125229,0,3
0.497939512300901,0.953026655395314,0,3
0.493873085001762,0.948891138159223,0,3
0.493279464152076,0.943826023358699,0,3
0.496481661394644,0.937250162935479,0,3
0.503802635891941,0.928582828602788,0,3
0.515527298570111,0.917547626398758,0,3
0.531835442262367,0.90470896464124,0,3
0.55288885905011,0.890775233266628,0,3
0.578849341014746,0.876454822211318,0,3
0.609878680237677,0.862456121411703,0,3
0.646138668800306,0.849487520804178,0,3
0.687240851369542,0.838132802319607,0,3
0.730140748722063,0.828374269661254,0,3
0.770993536580394,0.820012981880785,0,3
0.805954227630795,0.812849961108973,0,3
0.83117783455952,0.806686229476592,0,3
0.842819370052828,0.801322809114414,0,3
0.837594560990931,0.796551990229895,0,3
0.817099424460711,0.79209006295715,0,3
0.785442807825671,0.787614185477638,0,3
0.746754325641683,0.782801192568251,0,3
0.70516359246462,0.777327919005883,0,3
0.664800222850355,0.770871199567426,0,3
0.629660867089457,0.763125155006045,0,3
0.601424146874766,0.754085260632435,0,3
0.579799754895073,0.744002961735145,0,3
0.564434823149183,0.733137836784976,0,3
0.554976483635902,0.721749464252729,0,3
0.551071868354035,0.710097422609206,0,3
0.552368978066338,0.698439942490799,0,3
0.558555165324926,0.686974202627238,0,3
0.569372386105084,0.675812667859769,0,3
0.584566618437429,0.665061563055534,0,3
0.603883840352577,0.654827113081674,0,3
0.627070029881146,0.645215542805329,0,3
0.653871143334653,0.636333110789501,0,3
0.684027706445509,0.628294500810229,0,3
0.71726769532908,0.621233866610765,0,3
0.753317318809619,0.61528810377898,0,3
0.791902785711384,0.610594107902749,0,3
0.832750304858626,0.607288774569942,0,3
0.875586085075601,0.605508999368434,0,3
0.875586085075601,0.605508999368434,0,3
0.877890363808245,0.597188150313815,0,3
0.875083731879059,0.589293278605141,0,3
0.867673782486485,0.581767984998142,0,3
0.856168108828965,0.574555870248544,0,3
0.84107430410494,0.567600535112078,0,3
0.822899961512852,0.560845580344473,0,3
0.80215301343832,0.554233538661911,0,3
0.779354578168382,0.547665422743285,0,3
0.755042902942412,0.540988309270491,0,3
0.729757379756499,0.53404567029196,0,3
0.704037400606729,0.526680977856126,0,3
0.678422357489192,0.51873770401142,0,3
0.653451642399975,0.510059320806276,0,3
0.62965107984817,0.500532021870904,0,3
0.607446222134294,0.490357740025859,0,3
0.587217679258186,0.479879923331338,0,3
0.569345849227706,0.469442687372256,0,3
0.554211130050709,0.459390147733524,0,3
0.542193919735055,0.450066420000058,0,3
0.533673617082324,0.441814887938669,0,3
0.528817789163518,0.434823789878653,0,3
0.527321378480944,0.428935214187303,0,3
0.528815378335223,0.423944412873417,0,3
0.532930782026978,0.419646637945791,0,3
0.539298582856829,0.415837141413224,0,3
0.547549774125399,0.412311175284513,0,3
0.557331529300627,0.408876275809051,0,3
0.568533125094757,0.405523787873314,0,3
0.581230209776911,0.40238655261658,0,3
0.595503225739859,0.399601050953117,0,3
0.611432615376374,0.397303763797195,0,3
0.629098821079225,0.395631172063083,0,3
0.648582285241186,0.394719756665049,0,3
0.669788718311465,0.394626389087338,0,3
0.691924902965035,0.395089503094103,0,3
0.714022889933302,0.395767923019468,0,3
0.735114729947676,0.396320473197559,0,3
0.754232473739567,0.396405977962504,0,3
0.770408172040383,0.395683261648428,0,3
0.782688545974002,0.393817060173651,0,3
0.790690628171506,0.39070192229205,0,3
0.794772306083628,0.386530931759308,0,3
0.79534097973568,0.381517123927767,0,3
0.792804049152976,0.375873534149771,0,3
0.787568914360827,0.369813197777658,0,3
0.780042975384547,0.363549150163773,0,3
0.770686788641569,0.357261521646679,0,3
0.760353769509846,0.350887253947488,0,3
0.75007341391623,0.344254290929177,0,3
0.740876048356202,0.337190062313881,0,3
0.733791999325241,0.329521997823734,0,3
0.729851593318828,0.321077527180871,0,3
0.730082707922601,0.31168494652881,0,3
0.734994051835892,0.301356233344189,0,3
0.743935999403204,0.290513182417637,0,3
0.756102194739213,0.279633039508274,0,3
0.770686281958594,0.269193050375218,0,3
0.786881905176022,0.259670460777587,0,3
0.803882708506172,0.251542516474501,0,3
0.820905112711903,0.245255500465491,0,3
0.837506344699254,0.240792401125143,0,3
0.85350598461815,0.23777956170835,0,3
0.868730361255015,0.235834151319012,0,3
0.883005803396273,0.234573339061032,0,3
0.896158639828346,0.233614294038311,0,3
0.90801519933766,0.232574185354752,0,3
0.918398933148148,0.231084069924066,0,3
0.92712178223379,0.228830555899206,0,3
0.933992810006076,0.225514139242932,0,3
0.938821079876497,0.220835315918007,0,3
0.941415655256544,0.214494581887193,0,3
0.941585599557706,0.206192433113251,0,3
0.93915201196914,0.195638593982254,0,3
0.934403882536741,0.182901543836489,0,3
0.928238008078502,0.16851579739545,0,3
0.921591806162039,0.153047015307302,0,3
0.915402694354965,0.137060858220214,0,3
0.910608090224896,0.121122986782352,0,3
0.908145411339446,0.105799061641883,0,3
0.908857167823602,0.0916122110600019,0,3
0.912884444484188,0.0787712223754384,0,3
0.920053945224326,0.0673439943950767,0,3
0.930190891018348,0.0573977613572545,0,3
0.943120502840585,0.0489997575003103,0,3
0.958668001665368,0.0422172170625814,0,3
0.976658523770443,0.0371170742278613,0,3
0.996899249757388,0.0337026516164451,0,3
1.01915729874275,0.0318353460489376,0,3
1.04319436926158,0.0313573508550757,0,3
1.06877215984895,0.0321108593645967,0,3
1.09565236903992,0.0339380649072378,0,3
1.12359669536955,0.0366811608127362,0,3
1.15236729473445,0.0401839607053707,0,3
1.18173316651539,0.044314522616641,0,3
1.21146857822073,0.0489595679707322,0,3
1.24134793287338,0.0540062982791021,0,3
1.27114563349628,0.059341915053208,0,3
1.30063608311232,0.0648536198045067,0,3
1.32959368474443,0.0704286140444559,0,3
0,0.443363428058138,2.12410698416488,4
0,0.479835183429633,2.07724331315589,4
0,0.511031536797823,2.03766122888792,4
0,0.537534294411166,2.00440246224587,4
0,0.559925262518122,1.97650874411462,4
0,0.57878624736715,1.95302180537908,4
0,0.594699055206709,1.93298337692413,4
0,0.608294314437221,1.9153450346568,4
0,0.620549341849075,1.89841815975979,4
0,0.632591476238985,1.88023710280337,4
0,0.645548656402802,1.8588351063995,4
0,0.660548821136375,1.83224541316015,4
0,0.678719909235556,1.79850126569729,4
0,0.701078748544984,1.75584108408726,4
0,0.727133724635662,1.70528877766285,4
0,0.755306113531946,1.64987571206833,4
0,0.783993191292732,1.59267757128029,4
0,0.811592233976915,1.5367700392753,4
0,0.83650051764339,1.48522880002995,4
0,0.857151235513035,1.44106272341449,4
0,0.873107976618928,1.40517788548594,4
0,0.885265149853088,1.37600473408711,4
0,0.89459350116609,1.35183171273569,4
0,0.902063776508511,1.33094726494937,4
0,0.908646721830924,1.31163983424584,4
0,0.915309964406838,1.29220144547298,4
0,0.92264377158467,1.27135746443352,4
0,0.930505521602122,1.24867486952841,4
0,0.938668388416091,1.22381733507412,4
0,0.946905545983474,1.19644853538717,4
0,0.954990168261169,1.16623214478402,4
0,0.962695435854194,1.13283192551755,4
0,0.969827165002198,1.09634331955685,4
0,0.976299476512703,1.05829434052651,4
0,0.982048928607545,1.02050978735204,4
0,0.987012079508562,0.984814458958927,4
0,0.99112548743759,0.953033154272695,4
0,0.994325710616467,0.926990672218846,4
0,0.996577952478743,0.908035037865898,4
0,0.998014694472741,0.89473008375891,4
0,0.998828965505947,0.884631884290415,4
0,0.999213877999583,0.875295123841699,4
0,0.999362544374872,0.86427448679405,4
0,0.999468077053038,0.849124657528755,4
0,0.999699197355616,0.827630032619365,4
0,0.999961492268762,0.800053173454377,4
0,1,0.768168668857609,4
0,0.999557468082584,0.733772680924128,4
0,0.998376644049765,0.698661371749002,4
0,0.996200275434796,0.664630903427296,4
0,0.992784472155771,0.633435397627896,4
0,0.988192678982212,0.605862046217457,4
0,0.982795675535065,0.58173111126041,4
0,0.976977603820119,0.560820814395002,4
0,0.971122605843164,0.54290937725948,4
0,0.96561482360999,0.527775021492089,4
0,0.960833489407229,0.515198739676332,4
0,0.956813723125229,0.505155734406691,4
0,0.953026655395314,0.497939512300901,4
0,0.948891138159223,0.493873085001762,4
0,0.943826023358699,0.493279464152076,4
0,0.937250162935479,0.496481661394644,4
0,0.928582828602788,0.503802635891941,4
0,0.917547626398758,0.515527298570111,4
0,0.90470896464124,0.531835442262367,4
0,0.890775233266628,0.55288885905011,4
0,0.876454822211318,0.578849341014746,4
0,0.862456121411703,0.609878680237677,4
0,0.849487520804178,0.646138668800306,4
0,0.838132802319607,0.687240851369542,4
0,0.828374269661254,0.730140748722063,4
0,0.820012981880785,0.770993536580394,4
0,0.812849961108973,0.805954227630795,4
0,0.806686229476592,0.83117783455952,4
0,0.801322809114414,0.842819370052828,4
0,0.796551990229895,0.837594560990931,4
0,0.79209006295715,0.817099424460711,4
0,0.787614185477638,0.785442807825671,4
0,0.782801192568251,0.746754325641683,4
0,0.777327919005883,0.70516359246462,4
0,0.770871199567426,0.664800222850355,4
0,0.763125155006045,0.629660867089457,4
0,0.754085260632435,0.601424146874766,4
0,0.744002961735145,0.579799754895073,4
0,0.733137836784976,0.564434823149183,4
0,0.721749464252729,0.554976483635902,4
0,0.710097422609206,0.551071868354035,4
0,0.698439942490799,0.552368978066338,4
0,0.686974202627238,0.558555165324926,4
0,0.675812667859769,0.569372386105084,4
0,0.665061563055534,0.584566618437429,4
0,0.654827113081674,0.603883840352577,4
0,0.645215542805329,0.627070029881146,4
0,0.636333110789501,0.653871143334653,4
0,0.628294500810229,0.684027706445509,4
0,0.621233866610765,0.71726769532908,4
0,0.61528810377898,0.753317318809619,4
0,0.610594107902749,0.791902785711384,4
0,0.607288774569942,0.832750304858626,4
0,0.605508999368434,0.875586085075601,4
0,0.605508999368434,0.875586085075601,4
0,0.597188150313815,0.877890363808245,4
0,0.589293278605141,0.875083731879059,4
0,0.581767984998142,0.867673782486485,4
0,0.574555870248544,0.856168108828965,4
0,0.567600535112078,0.84107430410494,4
0,0.560845580344473,0.822899961512852,4
0,0.554233538661911,0.80215301343832,4
0,0.547665422743285,0.779354578168382,4
0,0.540988309270491,0.755042902942412,4
0,0.53404567029196,0.729757379756499,4
0,0.526680977856126,0.704037400606729,4
0,0.51873770401142,0.678422357489192,4
0,0.510059320806276,0.653451642399975,4
0,0.500532021870904,0.62965107984817,4
0,0.490357740025859,0.607446222134294,4
0,0.479879923331338,0.587217679258186,4
0,0.469442687372256,0.569345849227706,4
0,0.459390147733524,0.554211130050709,4
0,0.450066420000058,0.542193919735055,4
0,0.441814887938669,0.533673617082324,4
0,0.434823789878653,0.528817789163518,4
0,0.428935214187303,0.527321378480944,4
0,0.423944412873417,0.528815378335223,4
0,0.419646637945791,0.532930782026978,4
0,0.415837141413224,0.539298582856829,4
0,0.412311175284513,0.547549774125399,4
0,0.408876275809051,0.557331529300627,4
0,0.405523787873314,0.568533125094757,4
0,0.40238655261658,0.581230209776911,4
0,0.399601050953117,0.595503225739859,4
0,0.397303763797195,0.611432615376374,4
0,0.395631172063083,0.629098821079225,4
0,0.394719756665049,0.648582285241186,4
0,0.394626389087338,0.669788718311465,4
0,0.395089503094103,0.691924902965035,4
0,0.395767923019468,0.714022889933302,4
0,0.396320473197559,0.735114729947676,4
0,0.396405977962504,0.754232473739567,4
0,0.395683261648428,0.770408172040383,4
0,0.393817060173651,0.782688545974002,4
0,0.39070192229205,0.790690628171506,4
0,0.386530931759308,0.794772306083628,4
0,0.381517123927767,0.79534097973568,4
0,0.375873534149771,0.792804049152976,4
0,0.369813197777658,0.787568914360827,4
0,0.363549150163773,0.780042975384547,4
0,0.357261521646679,0.770686788641569,4
0,0.350887253947488,0.760353769509846,4
0,0.344254290929177,0.75007341391623,4
0,0.337190062313881,0.740876048356202,4
0,0.329521997823734,0.733791999325241,4
0,0.321077527180871,0.729851593318828,4
0,0.31168494652881,0.730082707922601,4
0,0.301356233344189,0.734994051835892,4
0,0.290513182417637,0.743935999403204,4
0,0.279633039508274,0.756102194739213,4
0,0.269193050375218,0.770686281958594,4
0,0.259670460777587,0.786881905176022,4
0,0.251542516474501,0.803882708506172,4
0,0.245255500465491,0.820905112711903,4
0,0.240792401125143,0.837506344699254,4
0,0.23777956170835,0.85350598461815,4
0,0.235834151319012,0.868730361255015,4
0,0.234573339061032,0.883005803396273,4
0,0.233614294038311,0.896158639828346,4
0,0.232574185354752,0.90801519933766,4
0,0.231084069924066,0.918398933148148,4
0,0.228830555899206,0.92712178223379,4
0,0.225514139242932,0.933992810006076,4
0,0.220835315918007,0.938821079876497,4
0,0.214494581887193,0.941415655256544,4
0,0.206192433113251,0.941585599557706,4
0,0.195638593982254,0.93915201196914,4
0,0.182901543836489,0.934403882536741,4
0,0.16851579739545,0.928238008078502,4
0,0.153047015307302,0.921591806162039,4
0,0.137060858220214,0.915402694354965,4
0,0.121122986782352,0.910608090224896,4
0,0.105799061641883,0.908145411339446,4
0,0.0916122110600019,0.908857167823602,4
0,0.0787712223754384,0.912884444484188,4
0,0.0673439943950767,0.920053945224326,4
0,0.0573977613572545,0.930190891018348,4
0,0.0489997575003103,0.943120502840585,4
0,0.0422172170625814,0.958668001665368,4
0,0.0371170742278613,0.976658523770443,4
0,0.0337026516164451,0.996899249757388,4
0,0.0318353460489376,1.01915729874275,4
0,0.0313573508550757,1.04319436926158,4
0,0.0321108593645967,1.06877215984895,4
0,0.0339380649072378,1.09565236903992,4
0,0.0366811608127362,1.12359669536955,4
0,0.0401839607053707,1.15236729473445,4
0,0.044314522616641,1.18173316651539,4
0,0.0489595679707322,1.21146857822073,4
0,0.0540062982791021,1.24134793287338,4
0,0.059341915053208,1.27114563349628,4
0,0.0648536198045067,1.30063608311232,4
0,0.0704286140444559,1.32959368474443,4
1.42688102753061,-0.205218857183048,0,5
1.40957026780505,-0.222084217267085,0,5
1.39651676440651,-0.235912073445264,0,5
1.38736464228138,-0.246969332007806,0,5
1.381758026376,-0.255522899244934,0,5
1.37934104163676,-0.261839681446872,0,5
1.37975781301003,-0.266186584903841,0,5
1.38265246544217,-0.268830515906065,0,5
1.38766912387955,-0.270038380743766,0,5
1.39445191326855,-0.270077085707167,0,5
1.40259947441001,-0.269247060912165,0,5
1.41152851152273,-0.26798283177736,0,5
1.42061024467997,-0.266752447547025,0,5
1.42921589395501,-0.266023957465433,0,5
1.43671667942112,-0.266265410776858,0,5
1.44248382115157,-0.267944856725573,0,5
1.44588853921962,-0.271530344555852,0,5
1.44630205369855,-0.277489923511969,0,5
1.44309558466164,-0.286291642838196,0,5
1.43586777290973,-0.298235932650433,0,5
1.425126942154,-0.312952746551073,0,5
1.41160883683323,-0.329904419014137,0,5
1.39604920138617,-0.348553284513644,0,5
1.3791837802516,-0.368361677523612,0,5
1.36174831786827,-0.388791932518062,0,5
1.34447855867495,-0.409306383971012,0,5
1.3281102471104,-0.429367366356483,0,5
1.3133791276134,-0.448437214148493,0,5
1.30091298034685,-0.46603691754674,0,5
1.29090772837029,-0.481922089653635,0,5
1.28345133046737,-0.49590699929727,0,5
1.27863174542179,-0.507805915305734,0,5
1.27653693201721,-0.517433106507116,0,5
1.2772548490373,-0.524602841729509,0,5
1.28087345526574,-0.529129389801,0,5
1.28748070948621,-0.530827019549681,0,5
1.29716457048237,-0.529509999803641,0,5
1.30983931616924,-0.525170259716004,0,5
1.32472450098713,-0.518510369740022,0,5
1.34086599850769,-0.510410560653982,0,5
1.35730968230257,-0.501751063236171,0,5
1.37310142594343,-0.493412108264874,0,5
1.38728710300191,-0.486273926518377,0,5
1.39891258704966,-0.481216748774967,0,5
1.40702375165833,-0.47912080581293,0,5
1.41066647039958,-0.480866328410552,0,5
1.40917773420598,-0.487075820709903,0,5
1.40305900345389,-0.497340880308193,0,5
1.39310285588057,-0.510995378166411,0,5
1.3801018692233,-0.527373185245552,0,5
1.36484862121935,-0.545808172506608,0,5
1.34813568960601,-0.56563421091057,0,5
1.33075565212055,-0.586185171418431,0,5
1.31350108650024,-0.606794924991183,0,5
1.29716457048237,-0.626797342589819,0,5
1.28237085429065,-0.645667791287899,0,5
1.26907337809454,-0.663447622609264,0,5
1.25705775454998,-0.680319684190322,0,5
1.24610959631287,-0.696466823667481,0,5
1.23601451603913,-0.712071888677149,0,5
1.22655812638468,-0.727317726855735,0,5
1.21752604000543,-0.742387185839648,0,5
1.2087038695573,-0.757463113265295,0,5
1.19987722769619,-0.772728356769085,0,5
1.19090052909942,-0.788302170272736,0,5
1.18190339652976,-0.804049432839201,0,5
1.17308425477139,-0.819771429816744,0,5
1.1646415286085,-0.835269446553625,0,5
1.15677364282524,-0.85034476839811,0,5
1.1496790222058,-0.864798680698459,0,5
1.14355609153434,-0.878432468802935,0,5
1.13860327559504,-0.891047418059802,0,5
1.13501899917207,-0.902444813817323,0,5
1.13296103305022,-0.912449851406545,0,5
1.13242453201672,-0.920983366089668,0,5
1.13336399685939,-0.927990103111674,0,5
1.13573392836608,-0.933414807717549,0,5
1.13948882732463,-0.937202225152275,0,5
1.14458319452287,-0.939297100660837,0,5
1.15097153074864,-0.93964417948822,0,5
1.15860833678978,-0.938188206879407,0,5
1.16744811343413,-0.934873928079382,0,5
1.1774502066823,-0.929680768689228,0,5
1.18859334338599,-0.922726875734426,0,5
1.20086109560968,-0.914165076596552,0,5
1.21423703541784,-0.904148198657186,0,5
1.22870473487495,-0.892829069297905,0,5
1.24424776604548,-0.880360515900288,0,5
1.26084970099391,-0.866895365845913,0,5
1.27849411178471,-0.852586446516359,0,5
1.29716457048237,-0.837586585293204,0,5
1.3168436801088,-0.822041673486806,0,5
1.3375101675157,-0.806069858122645,0,5
1.35914179051223,-0.78978235015498,0,5
1.38171630690753,-0.77329036053807,0,5
1.40521147451074,-0.756705100226176,0,5
1.42960505113102,-0.740137780173556,0,5
1.45487479457752,-0.72369961133447,0,5
1.48099846265938,-0.707501804663177,0,5
1.50795381318576,-0.691655571113937,0,5
1.50795381318576,-0.691655571113937,0,5
1.51893599065129,-0.693591854008576,0,5
1.5212199702682,-0.700693126351929,0,5
1.51583246894552,-0.712343357998569,0,5
1.50380020359231,-0.727926518803068,0,5
1.4861498911176,-0.746826578619999,0,5
1.46390824843045,-0.768427507303934,0,5
1.4381373138967,-0.792089414047271,0,5
1.41014994520297,-0.817002972361675,0,5
1.38136753674722,-0.842285536081823,0,5
1.35321191700998,-0.867054165807131,0,5
1.32710491447178,-0.890425922137011,0,5
1.30446835761312,-0.911517865670877,0,5
1.28664368925954,-0.92950135983512,0,5
1.27388103658422,-0.944284983235174,0,5
1.26564403351177,-0.95630861333562,0,5
1.26137895066536,-0.966023857011667,0,5
1.26053205866812,-0.973882321138523,0,5
1.2625496281432,-0.980335612591396,0,5
1.26688526319327,-0.985827610118185,0,5
1.27322336941195,-0.990558970500909,0,5
1.28152007598238,-0.994444004253461,0,5
1.29174709840421,-0.997380596802833,0,5
1.30387615217709,-0.999266633576016,0,5
1.31787895280069,-1,0,5
1.33372688707245,-0.999478735059041,0,5
1.35135156882239,-0.997619458166485,0,5
1.37060736686119,-0.994374874693,0,5
1.39133977503983,-0.989701836055415,0,5
1.4133942872093,-0.983557193670558,0,5
1.4366163972206,-0.975897798955259,0,5
1.46085159808819,-0.96668051626,0,5
1.4859412763566,-0.955925701244381,0,5
1.51171319084535,-0.943864411730725,0,5
1.53799227712356,-0.930771356624726,0,5
1.5646034707604,-0.916921244832079,0,5
1.59137170732499,-0.902588785258478,0,5
1.61812192238649,-0.888048686809616,0,5
1.64470232624976,-0.8735188241824,0,5
1.67109704553364,-0.858885180178107,0,5
1.69733940272697,-0.843913606981767,0,5
1.72346278817495,-0.828369791081014,0,5
1.74950059222278,-0.812019418963478,0,5
1.77548620521568,-0.794628177116791,0,5
1.801453456871,-0.775965840192101,0,5
1.82744091690972,-0.755846286476869,0,5
1.85349004711852,-0.734110303650419,0,5
1.87964235054743,-0.710599063329294,0,5
1.90593933024648,-0.685153737130039,0,5
1.93242248926573,-0.657615496669195,0,5
1.95911975581438,-0.627846939718092,0,5
1.98574683676298,-0.596203465608098,0,5
2.01170721764336,-0.563533275230624,0,5
2.03639080914657,-0.530705995631865,0,5
2.05918752196364,-0.498591253858015,0,5
2.0794872667856,-0.46805867695527,0,5
2.09668481427703,-0.439969117218716,0,5
2.11051556092758,-0.414568422187796,0,5
2.1212731781068,-0.391094466192693,0,5
2.12930308618242,-0.368691690013794,0,5
2.13495070552218,-0.346504534431487,0,5
2.1385614564938,-0.323677440226159,0,5
2.14048066322836,-0.29935528917274,0,5
2.14098387828248,-0.273002684089287,0,5
2.14015389219389,-0.244967539861973,0,5
2.13804048632786,-0.215749032504962,0,5
2.13469344204966,-0.185846338032416,0,5
2.13016254072455,-0.155758632458501,0,5
2.12449756371781,-0.125985091797378,0,5
2.11772307321937,-0.096968826007255,0,5
2.10974189939393,-0.0688823162707595,0,5
2.10042019064865,-0.0418164946538711,0,5
2.08962408791836,-0.0158622766104037,0,5
2.07721973213786,0.00888942240582802,0,5
2.06307326424197,0.0323476869410091,0,5
2.04709438474086,0.0544020330798527,0,5
2.02957192378209,0.07477165881647,0,5
2.01098992294353,0.0930880664472593,0,5
1.99183403712064,0.108982033510787,0,5
1.9725899212089,0.122084337545619,0,5
1.95374323010377,0.132025756090321,0,5
1.935772470443,0.138457978194108,0,5
1.91903152992391,0.141397253110375,0,5
1.90376844515712,0.141169486824287,0,5
1.89022788944399,0.138110424344539,0,5
1.87865453608594,0.132555810679826,0,5
1.86929305838435,0.124841390838845,0,5
1.8623839375996,0.115302229185152,0,5
1.85797777105993,0.104242559378491,0,5
1.85586167855249,0.0919238352712639,0,5
1.85580337226707,0.0786043595809793,0,5
1.85757056439349,0.0645424350251458,0,5
1.86093096712156,0.0499963643212711,0,5
1.86565239744212,0.0352244672029924,0,5
1.87152887648389,0.0204893180662815,0,5
1.87841498096074,0.00606332347821126,0,5
1.8861738152848,-0.00777972538547278,0,5
1.89466848386819,-0.020766037349025,0,5
1.90376209112305,-0.0326218212367,0,5
1.9133177414615,-0.0430732858727516,0,5
0,-0.205218857183048,1.42688102753061,6
0,-0.222084217267085,1.40957026780505,6
0,-0.235912073445264,1.39651676440651,6
0,-0.246969332007806,1.38736464228138,6
0,-0.255522899244934,1.381758026376,6
0,-0.261839681446872,1.37934104163676,6
0,-0.266186584903841,1.37975781301003,6
0,-0.268830515906065,1.38265246544217,6
0,-0.270038380743766,1.38766912387955,6
0,-0.270077085707167,1.39445191326855,6
0,-0.269247060912165,1.40259947441001,6
0,-0.26798283177736,1.41152851152273,6
0,-0.266752447547025,1.42061024467997,6
0,-0.266023957465433,1.42921589395501,6
0,-0.266265410776858,1.43671667942112,6
0,-0.267944856725573,1.44248382115157,6
0,-0.271530344555852,1.44588853921962,6
0,-0.277489923511969,1.44630205369855,6
0,-0.286291642838196,1.44309558466164,6
0,-0.298235932650433,1.43586777290973,6
0,-0.312952746551073,1.425126942154,6
0,-0.329904419014137,1.41160883683323,6
0,-0.348553284513644,1.39604920138617,6
0,-0.368361677523612,1.3791837802516,6
0,-0.388791932518062,1.36174831786827,6
0,-0.409306383971012,1.34447855867495,6
0,-0.429367366356483,1.3281102471104,6
0,-0.448437214148493,1.3133791276134,6
0,-0.46603691754674,1.30091298034685,6
0,-0.481922089653635,1.29090772837029,6
0,-0.49590699929727,1.28345133046737,6
0,-0.507805915305734,1.27863174542179,6
0,-0.517433106507116,1.27653693201721,6
0,-0.524602841729509,1.2772548490373,6
0,-0.529129389801,1.28087345526574,6
0,-0.530827019549681,1.28748070948621,6
0,-0.529509999803641,1.29716457048237,6
0,-0.525170259716004,1.30983931616924,6
0,-0.518510369740022,1.32472450098713,6
0,-0.510410560653982,1.34086599850769,6
0,-0.501751063236171,1.35730968230257,6
0,-0.493412108264874,1.37310142594343,6
0,-0.486273926518377,1.38728710300191,6
0,-0.481216748774967,1.39891258704966,6
0,-0.47912080581293,1.40702375165833,6
0,-0.480866328410552,1.41066647039958,6
0,-0.487075820709903,1.40917773420598,6
0,-0.497340880308193,1.40305900345389,6
0,-0.510995378166411,1.39310285588057,6
0,-0.527373185245552,1.3801018692233,6
0,-0.545808172506608,1.36484862121935,6
0,-0.56563421091057,1.34813568960601,6
0,-0.586185171418431,1.33075565212055,6
0,-0.606794924991183,1.31350108650024,6
0,-0.626797342589819,1.29716457048237,6
0,-0.645667791287899,1.28237085429065,6
0,-0.663447622609264,1.26907337809454,6
0,-0.680319684190322,1.25705775454998,6
0,-0.696466823667481,1.24610959631287,6
0,-0.712071888677149,1.23601451603913,6
0,-0.727317726855735,1.22655812638468,6
0,-0.742387185839648,1.21752604000543,6
0,-0.757463113265295,1.2087038695573,6
0,-0.772728356769085,1.19987722769619,6
0,-0.788302170272736,1.19090052909942,6
0,-0.804049432839201,1.18190339652976,6
0,-0.819771429816744,1.17308425477139,6
0,-0.835269446553625,1.1646415286085,6
0,-0.85034476839811,1.15677364282524,6
0,-0.864798680698459,1.1496790222058,6
0,-0.878432468802935,1.14355609153434,6
0,-0.891047418059802,1.13860327559504,6
0,-0.902444813817323,1.13501899917207,6
0,-0.912449851406545,1.13296103305022,6
0,-0.920983366089668,1.13242453201672,6
0,-0.927990103111674,1.13336399685939,6
0,-0.933414807717549,1.13573392836608,6
0,-0.937202225152275,1.13948882732463,6
0,-0.939297100660837,1.14458319452287,6
0,-0.93964417948822,1.15097153074864,6
0,-0.938188206879407,1.15860833678978,6
0,-0.934873928079382,1.16744811343413,6
0,-0.929680768689228,1.1774502066823,6
0,-0.922726875734426,1.18859334338599,6
0,-0.914165076596552,1.20086109560968,6
0,-0.904148198657186,1.21423703541784,6
0,-0.892829069297905,1.22870473487495,6
0,-0.880360515900288,1.24424776604548,6
0,-0.866895365845913,1.26084970099391,6
0,-0.852586446516359,1.27849411178471,6
0,-0.837586585293204,1.29716457048237,6
0,-0.822041673486806,1.3168436801088,6
0,-0.806069858122645,1.3375101675157,6
0,-0.78978235015498,1.35914179051223,6
0,-0.77329036053807,1.38171630690753,6
0,-0.756705100226176,1.40521147451074,6
0,-0.740137780173556,1.42960505113102,6
0,-0.72369961133447,1.45487479457752,6
0,-0.707501804663177,1.48099846265938,6
0,-0.691655571113937,1.50795381318576,6
0,-0.691655571113937,1.50795381318576,6
0,-0.693591854008576,1.51893599065129,6
0,-0.700693126351929,1.5212199702682,6
0,-0.712343357998569,1.51583246894552,6
0,-0.727926518803068,1.50380020359231,6
0,-0.746826578619999,1.4861498911176,6
0,-0.768427507303934,1.46390824843045,6
0,-0.792089414047271,1.4381373138967,6
0,-0.817002972361675,1.41014994520297,6
0,-0.842285536081823,1.38136753674722,6
0,-0.867054165807131,1.35321191700998,6
0,-0.890425922137011,1.32710491447178,6
0,-0.911517865670877,1.30446835761312,6
0,-0.92950135983512,1.28664368925954,6
0,-0.944284983235174,1.27388103658422,6
0,-0.95630861333562,1.26564403351177,6
0,-0.966023857011667,1.26137895066536,6
0,-0.973882321138523,1.26053205866812,6
0,-0.980335612591396,1.2625496281432,6
0,-0.985827610118185,1.26688526319327,6
0,-0.990558970500909,1.27322336941195,6
0,-0.994444004253461,1.28152007598238,6
0,-0.997380596802833,1.29174709840421,6
0,-0.999266633576016,1.30387615217709,6
0,-1,1.31787895280069,6
0,-0.999478735059041,1.33372688707245,6
0,-0.997619458166485,1.35135156882239,6
0,-0.994374874693,1.37060736686119,6
0,-0.989701836055415,1.39133977503983,6
0,-0.983557193670558,1.4133942872093,6
0,-0.975897798955259,1.4366163972206,6
0,-0.96668051626,1.46085159808819,6
0,-0.955925701244381,1.4859412763566,6
0,-0.943864411730725,1.51171319084535,6
0,-0.930771356624726,1.53799227712356,6
0,-0.916921244832079,1.5646034707604,6
0,-0.902588785258478,1.59137170732499,6
0,-0.888048686809616,1.61812192238649,6
0,-0.8735188241824,1.64470232624976,6
0,-0.858885180178107,1.67109704553364,6
0,-0.843913606981767,1.69733940272697,6
0,-0.828369791081014,1.72346278817495,6
0,-0.812019418963478,1.74950059222278,6
0,-0.794628177116791,1.77548620521568,6
0,-0.775965840192101,1.801453456871,6
0,-0.755846286476869,1.82744091690972,6
0,-0.734110303650419,1.85349004711852,6
0,-0.710599063329294,1.87964235054743,6
0,-0.685153737130039,1.90593933024648,6
0,-0.657615496669195,1.93242248926573,6
0,-0.627846939718092,1.95911975581438,6
0,-0.596203465608098,1.98574683676298,6
0,-0.563533275230624,2.01170721764336,6
0,-0.530705995631865,2.03639080914657,6
0,-0.498591253858015,2.05918752196364,6
0,-0.46805867695527,2.0794872667856,6
0,-0.439969117218716,2.09668481427703,6
0,-0.414568422187796,2.11051556092758,6
0,-0.391094466192693,2.1212731781068,6
0,-0.368691690013794,2.12930308618242,6
0,-0.346504534431487,2.13495070552218,6
0,-0.323677440226159,2.1385614564938,6
0,-0.29935528917274,2.14048066322836,6
0,-0.273002684089287,2.14098387828248,6
0,-0.244967539861973,2.14015389219389,6
0,-0.215749032504962,2.13804048632786,6
0,-0.185846338032416,2.13469344204966,6
0,-0.155758632458501,2.13016254072455,6
0,-0.125985091797378,2.12449756371781,6
0,-0.096968826007255,2.11772307321937,6
0,-0.0688823162707595,2.10974189939393,6
0,-0.0418164946538711,2.10042019064865,6
0,-0.0158622766104037,2.08962408791836,6
0,0.00888942240582802,2.07721973213786,6
0,0.0323476869410091,2.06307326424197,6
0,0.0544020330798527,2.04709438474086,6
0,0.07477165881647,2.02957192378209,6
0,0.0930880664472593,2.01098992294353,6
0,0.108982033510787,1.99183403712064,6
0,0.122084337545619,1.9725899212089,6
0,0.132025756090321,1.95374323010377,6
0,0.138457978194108,1.935772470443,6
0,0.141397253110375,1.91903152992391,6
0,0.141169486824287,1.90376844515712,6
0,0.138110424344539,1.89022788944399,6
0,0.132555810679826,1.87865453608594,6
0,0.124841390838845,1.86929305838435,6
0,0.115302229185152,1.8623839375996,6
0,0.104242559378491,1.85797777105993,6
0,0.0919238352712639,1.85586167855249,6
0,0.0786043595809793,1.85580337226707,6
0,0.0645424350251458,1.85757056439349,6
0,0.0499963643212711,1.86093096712156,6
0,0.0352244672029924,1.86565239744212,6
0,0.0204893180662815,1.87152887648389,6
0,0.00606332347821126,1.87841498096074,6
0,-0.00777972538547278,1.8861738152848,6
0,-0.020766037349025,1.89466848386819,6
0,-0.0326218212367,1.90376209112305,6
0,-0.0430732858727516,1.9133177414615,6
2.49704179817856,0.589294442237404,0,7
2.49936069000999,0.594928105652136,0,7
2.50165792453161,0.600187979942168,0,7
2.50393243224666,0.605082621081743,0,7
2.50618314365834,0.609620585045102,0,7
2.50840898926988,0.613810427806488,0,7
2.51060889958451,0.617660705340142,0,7
2.51278180510543,0.621179973620307,0,7
2.51492663633586,0.624376788621225,0,7
2.51704232377904,0.627259706317137,0,7
2.51912779793817,0.629837282682286,0,7
2.52118198931649,0.632118073690915,0,7
2.52320382841719,0.634110635317264,0,7
2.52519224574352,0.635823523535576,0,7
2.52714617179868,0.637265294320093,0,7
2.5290645370859,0.638444503645057,0,7
2.5309462721084,0.639369707484711,0,7
2.53279030736939,0.640049461813295,0,7
2.53459557337209,0.640492322605053,0,7
2.53636100061974,0.640706845834226,0,7
2.53808551961553,0.640701587475057,0,7
2.53976806086271,0.640485103501786,0,7
2.54140755486447,0.640065949888658,0,7
2.54300293212405,0.639452682609912,0,7
2.54455312314467,0.638653857639792,0,7
2.54605705471601,0.637678038379601,0,7
2.54751320429057,0.636534686905019,0,7
2.54891917664119,0.635235010651057,0,7
2.55027247627539,0.63379041758337,0,7
2.55157060770067,0.632212315667614,0,7
2.55281107542455,0.630512112869445,0,7
2.55399138395454,0.62870121715452,0,7
2.55510903779815,0.626791036488495,0,7
2.55616154146289,0.624792978837025,0,7
2.55714639945629,0.622718452165766,0,7
2.55806111628585,0.620578864440376,0,7
2.55890319645908,0.618385623626509,0,7
2.5596701444835,0.616150137689822,0,7
2.56035946486662,0.613883814595972,0,7
2.56096866211595,0.611598062310613,0,7
2.56149524073901,0.609304288799402,0,7
2.5619367052433,0.607013902027995,0,7
2.56229056013635,0.604738309962049,0,7
2.56255430992566,0.602488920567219,0,7
2.56272545911874,0.600277141809161,0,7
2.56280151222312,0.598114381653532,0,7
2.56277997374629,0.596012048065987,0,7
2.56265834819578,0.593981549012182,0,7
2.5624341400791,0.592034292457775,0,7
2.56210485390375,0.59018168636842,0,7
2.56166814271848,0.588434841627334,0,7
2.56112507602006,0.58679803622164,0,7
2.56048013975333,0.585268715242361,0,7
2.55973796840432,0.583844026698084,0,7
2.55890319645908,0.582521118597395,0,7
2.55798045840367,0.581297138948879,0,7
2.55697438872413,0.580169235761123,0,7
2.55588962190651,0.579134557042713,0,7
2.55473079243686,0.578190250802235,0,7
2.55350253480123,0.577333465048274,0,7
2.55220948348565,0.576561347789417,0,7
2.55085627297619,0.575871047034249,0,7
2.54944753775888,0.575259710791357,0,7
2.54798791231979,0.574724487069326,0,7
2.54648203114494,0.574262523876744,0,7
2.5449345287204,0.573870969222194,0,7
2.5433500395322,0.573546971114264,0,7
2.54173319806641,0.57328767756154,0,7
2.54008863880906,0.573090236572607,0,7
2.5384209962462,0.572951796156052,0,7
2.53673490486388,0.57286950432046,0,7
2.53503499914815,0.572840509074417,0,7
2.53332591358506,0.57286195842651,0,7
2.53161228266065,0.572931000385325,0,7
2.52989874086097,0.573044782959446,0,7
2.52818982240675,0.573200654688107,0,7
2.52648918883904,0.57339770946987,0,7
2.52480005236173,0.573635939877672,0,7
2.52312562146514,0.573915345911514,0,7
2.52146910463962,0.574235927571396,0,7
2.51983371037551,0.574597684857318,0,7
2.51822264716315,0.575000617769279,0,7
2.51663912349288,0.57544472630728,0,7
2.51508634785505,0.575930010471322,0,7
2.51356752873999,0.576456470261403,0,7
2.51208587463804,0.577024105677524,0,7
2.51064459403955,0.577632916719685,0,7
2.50924689543485,0.578282903387886,0,7
2.50789598731429,0.578974065682126,0,7
2.5065950781682,0.579706403602407,0,7
2.50534737648694,0.580479917148727,0,7
2.50415609076083,0.581294606321087,0,7
2.50302442948022,0.582150471119487,0,7
2.50195560113545,0.583047511543927,0,7
2.50095281421686,0.583985727594407,0,7
2.5000192772148,0.584965119270927,0,7
2.49915819861959,0.585985686573486,0,7
2.49837278692159,0.587047429502086,0,7
2.49766625061114,0.588150348056725,0,7
2.49704179817856,0.589294442237404,0,7
0,0.589294442237404,2.49704179817856,8
0,0.594928105652136,2.49936069000999,8
0,0.600187979942168,2.50165792453161,8
0,0.605082621081743,2.50393243224666,8
0,0.609620585045102,2.50618314365834,8
0,0.613810427806488,2.50840898926988,8
0,0.617660705340142,2.51060889958451,8
0,0.621179973620307,2.51278180510543,8
0,0.624376788621225,2.51492663633586,8
0,0.627259706317137,2.51704232377904,8
0,0.629837282682286,2.51912779793817,8
0,0.632118073690915,2.52118198931649,8
0,0.634110635317264,2.52320382841719,8
0,0.635823523535576,2.52519224574352,8
0,0.637265294320093,2.52714617179868,8
0,0.638444503645057,2.5290645370859,8
0,0.639369707484711,2.5309462721084,8
0,0.640049461813295,2.53279030736939,8
0,0.640492322605053,2.53459557337209,8
0,0.640706845834226,2.53636100061974,8
0,0.640701587475057,2.53808551961553,8
0,0.640485103501786,2.53976806086271,8
0,0.640065949888658,2.54140755486447,8
0,0.639452682609912,2.54300293212405,8
0,0.638653857639792,2.54455312314467,8
0,0.637678038379601,2.54605705471601,8
0,0.636534686905019,2.54751320429057,8
0,0.635235010651057,2.54891917664119,8
0,0.63379041758337,2.55027247627539,8
0,0.632212315667614,2.55157060770067,8
0,0.630512112869445,2.55281107542455,8
0,0.62870121715452,2.55399138395454,8
0,0.626791036488495,2.55510903779815,8
0,0.624792978837025,2.55616154146289,8
0,0.622718452165766,2.55714639945629,8
0,0.620578864440376,2.55806111628585,8
0,0.618385623626509,2.55890319645908,8
0,0.616150137689822,2.5596701444835,8
0,0.613883814595972,2.56035946486662,8
0,0.611598062310613,2.56096866211595,8
0,0.609304288799402,2.56149524073901,8
0,0.607013902027995,2.5619367052433,8
0,0.604738309962049,2.56229056013635,8
0,0.602488920567219,2.56255430992566,8
0,0.600277141809161,2.56272545911874,8
0,0.598114381653532,2.56280151222312,8
0,0.596012048065987,2.56277997374629,8
0,0.593981549012182,2.56265834819578,8
0,0.592034292457775,2.5624341400791,8
0,0.59018168636842,2.56210485390375,8
0,0.588434841627334,2.56166814271848,8
0,0.58679803622164,2.56112507602006,8
0,0.585268715242361,2.56048013975333,8
0,0.583844026698084,2.55973796840432,8
0,0.582521118597395,2.55890319645908,8
0,0.581297138948879,2.55798045840367,8
0,0.580169235761123,2.55697438872413,8
0,0.579134557042713,2.55588962190651,8
0,0.578190250802235,2.55473079243686,8
0,0.577333465048274,2.55350253480123,8
0,0.576561347789417,2.55220948348565,8
0,0.575871047034249,2.55085627297619,8
0,0.575259710791357,2.54944753775888,8
0,0.574724487069326,2.54798791231979,8
0,0.574262523876744,2.54648203114494,8
0,0.573870969222194,2.5449345287204,8
0,0.573546971114264,2.5433500395322,8
0,0.57328767756154,2.54173319806641,8
0,0.573090236572607,2.54008863880906,8
0,0.572951796156052,2.5384209962462,8
0,0.57286950432046,2.53673490486388,8
0,0.572840509074417,2.53503499914815,8
0,0.57286195842651,2.53332591358506,8
0,0.572931000385325,2.53161228266065,8
0,0.573044782959446,2.52989874086097,8
0,0.573200654688107,2.52818982240675,8
0,0.57339770946987,2.52648918883904,8
0,0.573635939877672,2.52480005236173,8
0,0.573915345911514,2.52312562146514,8
0,0.574235927571396,2.52146910463962,8
0,0.574597684857318,2.51983371037551,8
0,0.575000617769279,2.51822264716315,8
0,0.57544472630728,2.51663912349288,8
0,0.575930010471322,2.51508634785505,8
0,0.576456470261403,2.51356752873999,8
0,0.577024105677524,2.51208587463804,8
0,0.577632916719685,2.51064459403955,8
0,0.578282903387886,2.50924689543485,8
0,0.578974065682126,2.50789598731429,8
0,0.579706403602407,2.5065950781682,8
0,0.580479917148727,2.50534737648694,8
0,0.581294606321087,2.50415609076083,8
0,0.582150471119487,2.50302442948022,8
0,0.583047511543927,2.50195560113545,8
0,0.583985727594407,2.50095281421686,8
0,0.584965119270927,2.5000192772148,8
0,0.585985686573486,2.49915819861959,8
0,0.587047429502086,2.49837278692159,8
0,0.588150348056725,2.49766625061114,8
0,0.589294442237404,2.49704179817856,8
2.51325635530959,0.597401720802919,0,9
2.51441580122531,0.600218552510285,0,9
2.51556441848612,0.602848489655301,0,9
2.51670167234364,0.605295810225088,0,9
2.51782702804948,0.607564792206768,0,9
2.51893995085525,0.609659713587461,0,9
2.52003990601256,0.611584852354288,0,9
2.52112635877302,0.61334448649437,0,9
2.52219877438824,0.614942893994829,0,9
2.52325661810983,0.616384352842785,0,9
2.5242993551894,0.61767314102536,0,9
2.52532645087855,0.618813536529674,0,9
2.52633737042891,0.619809817342849,0,9
2.52733157909207,0.620666261452005,0,9
2.52830854211965,0.621387146844264,0,9
2.52926772476326,0.621976751506746,0,9
2.53020859227451,0.622439353426572,0,9
2.53113060990501,0.622779230590865,0,9
2.53203324290636,0.623000660986744,0,9
2.53291595653018,0.62310792260133,0,9
2.53377821602808,0.623105293421745,0,9
2.53461948665166,0.62299705143511,0,9
2.53543923365255,0.622787474628546,0,9
2.53623692228234,0.622480840989173,0,9
2.53701201779265,0.622081428504113,0,9
2.53776398357832,0.621593518874018,0,9
2.5384920583656,0.621021843136727,0,9
2.53919504454091,0.620372005009745,0,9
2.53987169435801,0.619649708475902,0,9
2.54052076007065,0.618860657518024,0,9
2.54114099393259,0.61801055611894,0,9
2.54173114819758,0.617105108261477,0,9
2.54228997511939,0.616150017928464,0,9
2.54281622695176,0.615150989102729,0,9
2.54330865594846,0.6141137257671,0,9
2.54376601436324,0.613043931904405,0,9
2.54418705444985,0.611947311497472,0,9
2.54457052846206,0.610829568529128,0,9
2.54491518865362,0.609696406982203,0,9
2.54521978727829,0.608553530839523,0,9
2.54548307658982,0.607406644083918,0,9
2.54570380884196,0.606261450698214,0,9
2.54588073628849,0.605123654665241,0,9
2.54601261118314,0.603998959967826,0,9
2.54609818577968,0.602893070588797,0,9
2.54613621233187,0.601811690510983,0,9
2.54612544309346,0.60076052371721,0,9
2.5460646303182,0.599745274190308,0,9
2.54595252625986,0.598771645913104,0,9
2.54578788317219,0.597845342868427,0,9
2.54556952757955,0.596971920497884,0,9
2.54529799423034,0.596153517795037,0,9
2.54497552609697,0.595388857305398,0,9
2.54460444042247,0.594676513033259,0,9
2.54418705444985,0.594015058982914,0,9
2.54372568542215,0.593403069158657,0,9
2.54322265058238,0.592839117564779,0,9
2.54268026717357,0.592321778205574,0,9
2.54210085243874,0.591849625085334,0,9
2.54148672362092,0.591421232208354,0,9
2.54084019796314,0.591035173578925,0,9
2.54016359270841,0.590690023201341,0,9
2.53945922509975,0.590384355079896,0,9
2.53872941238021,0.59011674321888,0,9
2.53797647179278,0.589885761622589,0,9
2.53720272058051,0.589689984295314,0,9
2.53641047598641,0.589527985241349,0,9
2.53560205525352,0.589398338464987,0,9
2.53477977562484,0.589299617970521,0,9
2.53394595434341,0.589230397762243,0,9
2.53310290865225,0.589189251844447,0,9
2.53225295579439,0.589174754221426,0,9
2.53139841301284,0.589185478897472,0,9
2.53054159755064,0.589219999876879,0,9
2.5296848266508,0.58927689116394,0,9
2.52883036742369,0.589354827028271,0,9
2.52798005063983,0.589453354419152,0,9
2.52713548240118,0.589572469623053,0,9
2.52629826695288,0.589712172639974,0,9
2.52547000854012,0.589872463469915,0,9
2.52465231140807,0.590053342112876,0,9
2.52384677980189,0.590254808568856,0,9
2.52305501796675,0.590476862837857,0,9
2.52227863014784,0.590719504919878,0,9
2.52151922059031,0.590982734814918,0,9
2.52077839353933,0.591266552522979,0,9
2.52005775324008,0.591570958044059,0,9
2.51935890393774,0.59189595137816,0,9
2.51868344987746,0.59224153252528,0,9
2.51803299530441,0.59260770148542,0,9
2.51740914446378,0.59299445825858,0,9
2.51681350160073,0.593401802844761,0,9
2.51624767096042,0.593829735243961,0,9
2.51571325678804,0.594278255456181,0,9
2.51521186332874,0.594747363481421,0,9
2.51474509482771,0.595237059319681,0,9
2.51431455553011,0.59574734297096,0,9
2.51392184968111,0.59627821443526,0,9
2.51356858152588,0.59682967371258,0,9
2.51325635530959,0.597401720802919,0,9
0,0.597401720802919,2.51325635530959,10
0,0.600218552510285,2.51441580122531,10
0,0.602848489655301,2.51556441848612,10
0,0.605295810225088,2.51670167234364,10
0,0.607564792206768,2.51782702804948,10
0,0.609659713587461,2.51893995085525,10
0,0.611584852354288,2.52003990601256,10
0,0.61334448649437,2.52112635877302,10
0,0.614942893994829,2.52219877438824,10
0,0.616384352842785,2.52325661810983,10
0,0.61767314102536,2.5242993551894,10
0,0.618813536529674,2.52532645087855,10
0,0.619809817342849,2.52633737042891,10
0,0.620666261452005,2.52733157909207,10
0,0.621387146844264,2.52830854211965,10
0,0.621976751506746,2.52926772476326,10
0,0.622439353426572,2.53020859227451,10
0,0.622779230590865,2.53113060990501,10
0,0.623000660986744,2.53203324290636,10
0,0.62310792260133,2.53291595653018,10
0,0.623105293421745,2.53377821602808,10
0,0.62299705143511,2.53461948665166,10
0,0.622787474628546,2.53543923365255,10
0,0.622480840989173,2.53623692228234,10
0,0.622081428504113,2.53701201779265,10
0,0.621593518874018,2.53776398357832,10
0,0.621021843136727,2.5384920583656,10
0,0.620372005009745,2.53919504454091,10
0,0.619649708475902,2.53987169435801,10
0,0.618860657518024,2.54052076007065,10
0,0.61801055611894,2.54114099393259,10
0,0.617105108261477,2.54173114819758,10
0,0.616150017928464,2.54228997511939,10
0,0.615150989102729,2.54281622695176,10
0,0.6141137257671,2.54330865594846,10
0,0.613043931904405,2.54376601436324,10
0,0.611947311497472,2.54418705444985,10
0,0.610829568529128,2.54457052846206,10
0,0.609696406982203,2.54491518865362,10
0,0.608553530839523,2.54521978727829,10
0,0.607406644083918,2.54548307658982,10
0,0.606261450698214,2.54570380884196,10
0,0.605123654665241,2.54588073628849,10
0,0.603998959967826,2.54601261118314,10
0,0.602893070588797,2.54609818577968,10
0,0.601811690510983,2.54613621233187,10
0,0.60076052371721,2.54612544309346,10
0,0.599745274190308,2.5460646303182,10
0,0.598771645913104,2.54595252625986,10
0,0.597845342868427,2.54578788317219,10
0,0.596971920497884,2.54556952757955,10
0,0.596153517795037,2.54529799423034,10
0,0.595388857305398,2.54497552609697,10
0,0.594676513033259,2.54460444042247,10
0,0.594015058982914,2.54418705444985,10
0,0.593403069158657,2.54372568542215,10
0,0.592839117564779,2.54322265058238,10
0,0.592321778205574,2.54268026717357,10
0,0.591849625085334,2.54210085243874,10
0,0.591421232208354,2.54148672362092,10
0,0.591035173578925,2.54084019796314,10
0,0.590690023201341,2.54016359270841,10
0,0.590384355079896,2.53945922509975,10
0,0.59011674321888,2.53872941238021,10
0,0.589885761622589,2.53797647179278,10
0,0.589689984295314,2.53720272058051,10
0,0.589527985241349,2.53641047598641,10
0,0.589398338464987,2.53560205525352,10
0,0.589299617970521,2.53477977562484,10
0,0.589230397762243,2.53394595434341,10
0,0.589189251844447,2.53310290865225,10
0,0.589174754221426,2.53225295579439,10
0,0.589185478897472,2.53139841301284,10
0,0.589219999876879,2.53054159755064,10
0,0.58927689116394,2.5296848266508,10
0,0.589354827028271,2.52883036742369,10
0,0.589453354419152,2.52798005063983,10
0,0.589572469623053,2.52713548240118,10
0,0.589712172639974,2.52629826695288,10
0,0.589872463469915,2.52547000854012,10
0,0.590053342112876,2.52465231140807,10
0,0.590254808568856,2.52384677980189,10
0,0.590476862837857,2.52305501796675,10
0,0.590719504919878,2.52227863014784,10
0,0.590982734814918,2.52151922059031,10
0,0.591266552522979,2.52077839353933,10
0,0.591570958044059,2.52005775324008,10
0,0.59189595137816,2.51935890393774,10
0,0.59224153252528,2.51868344987746,10
0,0.59260770148542,2.51803299530441,10
0,0.59299445825858,2.51740914446378,10
0,0.593401802844761,2.51681350160073,10
0,0.593829735243961,2.51624767096042,10
0,0.594278255456181,2.51571325678804,10
0,0.594747363481421,2.51521186332874,10
0,0.595237059319681,2.51474509482771,10
0,0.59574734297096,2.51431455553011,10
0,0.59627821443526,2.51392184968111,10
0,0.59682967371258,2.51356858152588,10
0,0.597401720802919,2.51325635530959,10
